{
  "title": "The Basics - Networking",
  "description": "Your app fetched this from a remote endpoint!",
  "movies": [
    { "id": "1", "title": "Star Wars", "releaseYear": "1977" },
    { "id": "2", "title": "Back to the Future", "releaseYear": "1985" },
    { "id": "3", "title": "The Matrix", "releaseYear": "1999" },
    { "id": "4", "title": "Inception", "releaseYear": "2010" },
    { "id": "5", "title": "Interstellar", "releaseYear": "2014" },
    { "id": "6", "title": "Titanic", "releaseYear": "1999" },
    { "id": "7", "title": "A lagoa azul", "releaseYear": "1975" },
    { "id": "8", "title": "Velozes e furiosos", "releaseYear": "2001" }
  ]
}
